Match Id,Time,MMR,Radiant_win,Player_1,Player_2,Player_3,Player_4,Player_5,Player_6,Player_7,Player_8,Player_9,Player_10,Bans_1,Bans_2,Bans_3,Bans_4,Bans_5
4255766288,12/5/2018 12:54,7339,True,41.0,44.0,121.0,21.0,45.0,9.0,1.0,101.0,31.0,78.0,114.0,,,,
4255759761,12/5/2018 12:52,7246,False,23.0,86.0,31.0,98.0,44.0,26.0,97.0,50.0,36.0,101.0,89.0,83.0,,,
4255735189,12/5/2018 12:37,7093,True,69.0,8.0,86.0,112.0,45.0,47.0,16.0,31.0,100.0,1.0,97.0,44.0,38.0,,
4255743598,12/5/2018 12:41,6988,False,19.0,121.0,44.0,65.0,111.0,114.0,27.0,95.0,112.0,23.0,97.0,61.0,,,
4255751251,12/5/2018 12:45,6944,True,85.0,112.0,38.0,34.0,93.0,44.0,11.0,79.0,97.0,86.0,50.0,,,,
4255745320,12/5/2018 12:43,6863,False,28.0,3.0,1.0,35.0,86.0,50.0,31.0,42.0,84.0,106.0,78.0,97.0,61.0,,
4255766472,12/5/2018 12:54,6947,,,,,,,,,,,,,,,,
4255768009,12/5/2018 12:56,7019,True,75.0,71.0,74.0,29.0,44.0,2.0,27.0,23.0,101.0,41.0,97.0,85.0,,,
4255746546,12/5/2018 12:43,6982,True,28.0,57.0,15.0,27.0,93.0,86.0,45.0,41.0,101.0,23.0,50.0,97.0,,,
4255781049,12/5/2018 13:02,6935,True,79.0,109.0,19.0,114.0,121.0,50.0,63.0,59.0,101.0,41.0,44.0,78.0,97.0,,
4255790193,12/5/2018 13:09,6873,False,105.0,7.0,41.0,76.0,63.0,50.0,95.0,75.0,86.0,16.0,88.0,44.0,97.0,,
4255780442,12/5/2018 13:02,6805,False,106.0,71.0,86.0,45.0,15.0,31.0,41.0,97.0,110.0,114.0,93.0,44.0,,,
4255808674,12/5/2018 13:17,7316,False,114.0,100.0,50.0,49.0,40.0,79.0,7.0,12.0,15.0,87.0,,,,,
4255798867,12/5/2018 13:13,7145,True,100.0,44.0,50.0,121.0,59.0,1.0,97.0,83.0,23.0,86.0,61.0,,,,
4255833275,1544016768,7687,False,86.0,109.0,31.0,7.0,95.0,19.0,8.0,45.0,74.0,50.0,23.0,77.0,44.0,,
4255832396,1544016640,7138,True,94.0,27.0,121.0,25.0,84.0,50.0,45.0,86.0,44.0,83.0,100.0,97.0,,,
4255835347,1544016768,7113,True,97.0,93.0,26.0,100.0,45.0,114.0,44.0,57.0,39.0,88.0,86.0,,,,
4255823693,1544016384,6894,True,80.0,103.0,89.0,78.0,85.0,27.0,95.0,100.0,21.0,110.0,97.0,10.0,44.0,,
4255844215,1544017152,7360,True,90.0,1.0,121.0,97.0,16.0,114.0,27.0,53.0,44.0,62.0,91.0,,,,
4255858506,1544017536,6986,True,16.0,53.0,41.0,51.0,78.0,93.0,31.0,13.0,62.0,98.0,44.0,59.0,,,
4255860370,1544017664,6924,,,,,,,,,,,,,,,,
4255893912,1544018688,7167,True,1.0,31.0,7.0,45.0,97.0,76.0,121.0,41.0,38.0,86.0,105.0,,,,
4255876090,1544018176,7005,True,31.0,4.0,100.0,22.0,28.0,10.0,16.0,26.0,34.0,86.0,93.0,44.0,,,
4255891168,1544018688,7065,False,97.0,106.0,76.0,2.0,111.0,85.0,29.0,10.0,11.0,50.0,44.0,,,,
4255850575,1544017280,6902,False,44.0,97.0,68.0,23.0,108.0,31.0,121.0,6.0,93.0,69.0,61.0,85.0,,,
4255909431,1544019200,7604,True,44.0,100.0,16.0,76.0,86.0,78.0,26.0,95.0,7.0,97.0,112.0,,,,
4255900664,1544018944,7144,False,78.0,44.0,75.0,114.0,85.0,109.0,83.0,97.0,77.0,25.0,34.0,50.0,,,
4255902095,1544018944,7111,False,38.0,76.0,91.0,45.0,86.0,23.0,1.0,103.0,85.0,16.0,53.0,44.0,2.0,,
4255906591,1544019200,7108,False,56.0,101.0,2.0,4.0,121.0,90.0,22.0,97.0,64.0,44.0,34.0,,,,
4255930223,1544019968,7232,False,9.0,1.0,101.0,91.0,78.0,13.0,80.0,121.0,50.0,107.0,44.0,97.0,,,
4255944539,1544020352,7146,True,78.0,39.0,50.0,44.0,86.0,109.0,97.0,7.0,3.0,87.0,82.0,,,,
4255955300,1544020736,7075,True,97.0,46.0,26.0,114.0,38.0,86.0,6.0,27.0,16.0,35.0,76.0,121.0,44.0,,
4255987496,1544021888,7202,False,91.0,1.0,45.0,114.0,86.0,19.0,37.0,63.0,100.0,41.0,80.0,110.0,44.0,,
4255973983,1544021376,7028,True,50.0,1.0,100.0,26.0,22.0,69.0,8.0,82.0,31.0,62.0,97.0,80.0,,,
4255990367,1544022016,7234,True,53.0,76.0,50.0,95.0,7.0,9.0,1.0,46.0,14.0,31.0,44.0,82.0,57.0,,
4256000928,1544022400,7033,True,40.0,64.0,93.0,77.0,100.0,101.0,111.0,23.0,38.0,10.0,121.0,114.0,44.0,,
4255934941,1544020096,7016,True,85.0,25.0,97.0,44.0,13.0,100.0,38.0,34.0,67.0,91.0,93.0,,,,
4255968403,1544021248,6992,False,75.0,50.0,19.0,41.0,121.0,31.0,45.0,97.0,100.0,1.0,82.0,44.0,89.0,,
4255974175,1544021376,7001,False,86.0,89.0,97.0,31.0,76.0,1.0,55.0,114.0,112.0,71.0,44.0,2.0,,,
4255978626,1544021632,6937,False,5.0,78.0,1.0,76.0,100.0,62.0,109.0,111.0,90.0,113.0,44.0,33.0,6.0,,
4256004691,1544022528,6923,True,121.0,86.0,44.0,2.0,25.0,27.0,100.0,1.0,98.0,34.0,114.0,50.0,97.0,,
4256027377,1544023296,6951,False,13.0,91.0,67.0,50.0,97.0,90.0,23.0,44.0,16.0,14.0,93.0,,,,
4256045553,1544023936,7123,True,48.0,71.0,86.0,55.0,16.0,26.0,29.0,27.0,95.0,80.0,93.0,106.0,,,
4256046128,1544024064,7188,True,88.0,44.0,121.0,50.0,76.0,1.0,14.0,97.0,19.0,31.0,86.0,93.0,,,
4256043315,1544023936,7036,False,11.0,121.0,93.0,96.0,91.0,44.0,97.0,86.0,119.0,112.0,19.0,16.0,,,
4256017942,1544022912,6918,False,72.0,25.0,32.0,53.0,91.0,41.0,87.0,34.0,9.0,112.0,97.0,44.0,,,
4256062415,1544024576,7174,True,38.0,106.0,26.0,62.0,44.0,107.0,79.0,119.0,97.0,8.0,32.0,,,,
4256054122,1544024320,7066,False,38.0,26.0,93.0,106.0,50.0,41.0,107.0,111.0,104.0,74.0,47.0,44.0,,,
4256063765,1544024704,7109,True,121.0,45.0,1.0,50.0,13.0,44.0,31.0,47.0,97.0,84.0,,,,,
4256069321,1544024832,6993,True,86.0,114.0,93.0,121.0,28.0,78.0,25.0,44.0,90.0,97.0,111.0,36.0,34.0,,
4256080475,1544025344,7104,True,111.0,82.0,112.0,50.0,93.0,29.0,44.0,41.0,95.0,90.0,97.0,2.0,,,
4256088332,1544025600,7000,False,19.0,50.0,45.0,1.0,74.0,76.0,109.0,97.0,44.0,31.0,105.0,2.0,,,
4256082778,1544025472,6910,True,1.0,85.0,68.0,76.0,16.0,114.0,8.0,50.0,78.0,26.0,80.0,97.0,121.0,,
4256101631,1544026240,7668,True,76.0,97.0,88.0,50.0,44.0,93.0,35.0,55.0,103.0,86.0,82.0,114.0,,,
4256110722,1544026496,7081,False,111.0,93.0,50.0,74.0,41.0,5.0,76.0,121.0,44.0,29.0,97.0,78.0,,,
4256093255,1544025856,6877,True,34.0,62.0,79.0,97.0,93.0,74.0,85.0,86.0,16.0,44.0,45.0,76.0,,,
4256073650,1544025088,6878,True,64.0,100.0,50.0,114.0,93.0,12.0,76.0,101.0,69.0,97.0,38.0,44.0,,,
4256085272,1544025472,6850,True,44.0,112.0,100.0,74.0,45.0,10.0,2.0,7.0,31.0,25.0,93.0,97.0,,,
4256126489,1544027136,7106,True,44.0,45.0,90.0,97.0,100.0,86.0,25.0,31.0,93.0,50.0,72.0,,,,
4256120479,1544026880,7053,True,51.0,17.0,111.0,97.0,1.0,98.0,101.0,31.0,114.0,109.0,46.0,44.0,2.0,,
4256129635,1544027264,6986,False,105.0,97.0,44.0,114.0,87.0,4.0,38.0,100.0,34.0,50.0,16.0,12.0,,,
4256123750,1544027136,6925,False,21.0,27.0,77.0,101.0,25.0,97.0,29.0,31.0,44.0,26.0,83.0,8.0,89.0,41.0,
4256137769,1544027648,7567,True,114.0,85.0,50.0,10.0,86.0,38.0,97.0,100.0,44.0,23.0,76.0,,,,
4256131519,1544027392,6994,False,110.0,12.0,44.0,111.0,76.0,34.0,107.0,31.0,93.0,19.0,41.0,2.0,97.0,16.0,
4256129758,1544027392,6918,False,107.0,121.0,44.0,92.0,38.0,86.0,97.0,3.0,8.0,114.0,,,,,
4256133260,1544027520,6876,False,45.0,89.0,31.0,96.0,121.0,78.0,76.0,27.0,109.0,90.0,44.0,114.0,85.0,,
4256155952,1544028416,7150,False,65.0,2.0,26.0,86.0,44.0,49.0,16.0,121.0,97.0,67.0,46.0,120.0,,,
4256144419,1544027904,6998,True,1.0,22.0,86.0,2.0,121.0,41.0,97.0,76.0,26.0,33.0,44.0,75.0,,,
4256158179,1544028544,7069,True,78.0,8.0,86.0,79.0,100.0,48.0,29.0,103.0,59.0,90.0,93.0,44.0,91.0,,
4256169737,1544029056,7013,True,35.0,38.0,85.0,44.0,86.0,100.0,11.0,121.0,16.0,93.0,97.0,2.0,,,
4256180977,1544029568,6994,False,3.0,8.0,33.0,111.0,45.0,2.0,101.0,121.0,44.0,50.0,114.0,16.0,97.0,,
4256166064,1544028928,6967,True,111.0,44.0,9.0,86.0,2.0,97.0,8.0,78.0,31.0,89.0,87.0,59.0,,,
4256171595,1544029184,6918,True,114.0,53.0,106.0,101.0,111.0,41.0,98.0,94.0,107.0,50.0,97.0,16.0,,,
4256170265,1544029056,6869,False,38.0,86.0,6.0,50.0,8.0,78.0,44.0,97.0,3.0,114.0,80.0,121.0,103.0,,
4256192855,1544030080,7180,True,89.0,27.0,92.0,33.0,97.0,121.0,48.0,86.0,19.0,34.0,50.0,78.0,,,
4256183570,1544029568,6846,True,7.0,76.0,41.0,120.0,50.0,111.0,100.0,80.0,6.0,21.0,44.0,93.0,,,
4256211718,1544030848,7201,True,96.0,8.0,71.0,101.0,9.0,84.0,90.0,23.0,93.0,78.0,44.0,3.0,,,
4256207222,1544030720,6882,False,86.0,6.0,28.0,1.0,31.0,121.0,97.0,91.0,8.0,94.0,44.0,59.0,38.0,,
4256175022,1544029312,6811,False,6.0,2.0,109.0,110.0,85.0,9.0,97.0,1.0,13.0,50.0,80.0,44.0,62.0,,
4256221056,1544031360,7206,True,100.0,120.0,44.0,78.0,10.0,86.0,109.0,16.0,6.0,85.0,3.0,82.0,,,
4256224234,1544031488,7014,False,86.0,114.0,101.0,76.0,120.0,97.0,72.0,91.0,83.0,56.0,44.0,62.0,,,
4256211982,1544030976,6896,False,63.0,80.0,2.0,85.0,86.0,76.0,44.0,78.0,31.0,26.0,121.0,97.0,,,
4256204231,1544030592,6840,False,23.0,2.0,97.0,121.0,95.0,111.0,110.0,93.0,86.0,22.0,78.0,42.0,44.0,6.0,
4256210808,1544030848,6853,True,23.0,97.0,1.0,114.0,31.0,120.0,86.0,75.0,34.0,44.0,41.0,82.0,45.0,,
4256199452,1544030336,6795,False,86.0,100.0,1.0,40.0,45.0,44.0,50.0,74.0,16.0,121.0,77.0,97.0,,,
4256229212,1544031744,7132,False,100.0,93.0,76.0,31.0,19.0,109.0,9.0,110.0,97.0,86.0,113.0,50.0,44.0,,
4256228375,1544031616,6973,False,86.0,49.0,107.0,31.0,93.0,50.0,45.0,97.0,16.0,1.0,44.0,67.0,59.0,,
4256238641,1544032128,6956,False,90.0,97.0,121.0,1.0,10.0,27.0,93.0,78.0,19.0,50.0,120.0,44.0,,,
4256250828,1544032768,7016,False,114.0,26.0,97.0,87.0,80.0,44.0,31.0,21.0,103.0,38.0,121.0,95.0,93.0,53.0,
4256246691,1544032512,6813,True,121.0,27.0,34.0,97.0,93.0,101.0,98.0,119.0,9.0,15.0,82.0,44.0,,,
4256271144,1544033792,7217,True,96.0,6.0,86.0,121.0,94.0,48.0,44.0,111.0,55.0,97.0,93.0,38.0,23.0,,
4256265153,1544033408,7014,True,86.0,87.0,44.0,59.0,114.0,7.0,10.0,31.0,80.0,121.0,82.0,101.0,93.0,97.0,
4256268617,1544033664,6848,True,97.0,44.0,76.0,111.0,86.0,74.0,101.0,29.0,106.0,85.0,2.0,61.0,8.0,,
4256248932,1544032640,6800,True,35.0,33.0,29.0,7.0,3.0,69.0,19.0,44.0,101.0,50.0,61.0,97.0,59.0,,
4256280431,1544034176,7244,True,107.0,55.0,44.0,93.0,75.0,86.0,111.0,82.0,6.0,97.0,31.0,,,,
4256284324,1544034432,6863,False,9.0,27.0,44.0,69.0,100.0,76.0,86.0,93.0,107.0,85.0,2.0,97.0,,,
4256293423,1544034816,7153,True,50.0,114.0,103.0,80.0,16.0,8.0,83.0,30.0,97.0,107.0,41.0,31.0,110.0,,
4256293846,1544034816,6850,True,76.0,27.0,97.0,45.0,44.0,51.0,25.0,86.0,98.0,19.0,13.0,62.0,114.0,,
4256296487,1544035072,6832,True,41.0,31.0,107.0,114.0,78.0,29.0,50.0,66.0,34.0,93.0,82.0,10.0,97.0,,
4256277011,1544034048,6810,False,42.0,38.0,11.0,100.0,26.0,1.0,114.0,5.0,86.0,16.0,44.0,97.0,72.0,,
4256305117,1544035456,7216,False,27.0,6.0,31.0,39.0,72.0,10.0,97.0,12.0,112.0,114.0,78.0,44.0,50.0,,
4256303685,1544035328,7155,False,101.0,16.0,50.0,76.0,44.0,21.0,10.0,35.0,97.0,84.0,47.0,120.0,2.0,,
4256306039,1544035456,7074,True,88.0,50.0,44.0,100.0,16.0,78.0,41.0,110.0,76.0,121.0,93.0,61.0,97.0,,
4256310052,1544035712,7040,False,101.0,55.0,2.0,1.0,44.0,49.0,16.0,114.0,121.0,111.0,62.0,82.0,97.0,,
4256318236,1544036352,7192,False,93.0,7.0,91.0,103.0,101.0,106.0,121.0,69.0,66.0,44.0,6.0,31.0,,,
4256314122,1544036352,6982,False,50.0,44.0,38.0,6.0,90.0,85.0,93.0,97.0,101.0,114.0,82.0,41.0,34.0,,
4256331889,1544036864,7365,False,50.0,107.0,101.0,110.0,63.0,76.0,111.0,21.0,93.0,100.0,44.0,,,,
4256292755,1544036352,6814,False,27.0,108.0,76.0,8.0,7.0,44.0,22.0,45.0,50.0,2.0,97.0,1.0,,,
4256341672,1544037376,7044,True,31.0,1.0,97.0,85.0,26.0,41.0,29.0,50.0,76.0,9.0,93.0,44.0,,,
4256342238,1544037376,7008,True,86.0,8.0,75.0,97.0,25.0,110.0,55.0,1.0,14.0,45.0,44.0,59.0,,,
4256337556,1544037120,6967,False,86.0,44.0,50.0,38.0,75.0,114.0,101.0,97.0,95.0,111.0,93.0,76.0,1.0,,
4256341812,1544037376,6925,True,109.0,49.0,101.0,45.0,97.0,121.0,86.0,8.0,106.0,2.0,,,,,
4256355066,1544038016,7027,False,86.0,74.0,100.0,28.0,93.0,64.0,16.0,41.0,62.0,61.0,17.0,44.0,97.0,,
4256350044,1544037760,6995,False,1.0,78.0,46.0,121.0,31.0,16.0,45.0,109.0,25.0,85.0,44.0,82.0,50.0,,
4256348641,1544037632,6989,False,80.0,6.0,88.0,33.0,68.0,94.0,91.0,38.0,111.0,40.0,34.0,44.0,,,
4256345237,1544037504,6906,True,76.0,44.0,31.0,97.0,50.0,6.0,2.0,86.0,91.0,72.0,64.0,55.0,114.0,,
4256351781,1544037888,6873,False,2.0,100.0,34.0,75.0,4.0,55.0,14.0,71.0,59.0,8.0,97.0,76.0,44.0,,
4256376053,1544039168,7560,False,3.0,16.0,93.0,91.0,80.0,9.0,13.0,100.0,50.0,44.0,97.0,76.0,,,
4256368275,1544038784,6982,False,86.0,2.0,9.0,76.0,79.0,110.0,1.0,3.0,46.0,97.0,38.0,44.0,114.0,,
4256376345,1544039296,7006,True,76.0,41.0,16.0,31.0,101.0,86.0,78.0,109.0,19.0,121.0,44.0,97.0,61.0,,
4256369205,1544038784,6844,True,8.0,62.0,75.0,111.0,120.0,97.0,44.0,19.0,32.0,49.0,83.0,2.0,109.0,,
4256368619,1544038784,6829,False,38.0,94.0,90.0,114.0,97.0,44.0,19.0,86.0,25.0,75.0,41.0,50.0,,,
4256378681,1544039424,7009,True,61.0,41.0,50.0,14.0,16.0,66.0,28.0,44.0,107.0,76.0,119.0,97.0,82.0,,
4256386131,1544039808,6999,False,50.0,121.0,93.0,78.0,76.0,101.0,25.0,8.0,97.0,75.0,91.0,,,,
4256386224,1544039808,6844,True,12.0,7.0,2.0,112.0,45.0,93.0,3.0,50.0,86.0,34.0,44.0,59.0,97.0,,
4256406852,1544041088,6863,True,44.0,86.0,85.0,76.0,28.0,121.0,19.0,50.0,8.0,97.0,82.0,78.0,,,
4256370017,1544038912,6804,True,101.0,50.0,44.0,119.0,7.0,1.0,74.0,90.0,107.0,45.0,2.0,97.0,91.0,,
4256388231,1544039936,6734,False,110.0,121.0,76.0,95.0,28.0,16.0,70.0,69.0,44.0,40.0,109.0,97.0,,,
4256394043,1544040320,6691,False,100.0,34.0,101.0,114.0,9.0,44.0,71.0,2.0,66.0,86.0,93.0,97.0,82.0,,
4256414000,1544041472,7424,False,109.0,101.0,64.0,76.0,16.0,88.0,1.0,86.0,50.0,9.0,44.0,97.0,,,
4256416204,1544041600,7176,True,97.0,19.0,111.0,100.0,44.0,101.0,114.0,78.0,86.0,59.0,80.0,93.0,82.0,,
4256416062,1544041600,7085,False,45.0,111.0,97.0,29.0,1.0,55.0,110.0,76.0,71.0,44.0,34.0,,,,
4256408466,1544041216,6867,True,69.0,59.0,114.0,87.0,21.0,40.0,22.0,48.0,50.0,86.0,85.0,1.0,44.0,,
4256424538,1544042112,6916,True,109.0,79.0,2.0,45.0,86.0,76.0,85.0,93.0,101.0,98.0,97.0,44.0,,,
4256413611,1544041472,6807,True,48.0,97.0,68.0,6.0,38.0,19.0,59.0,109.0,66.0,50.0,44.0,47.0,,,
4256420728,1544041984,6806,False,8.0,5.0,80.0,16.0,91.0,50.0,55.0,74.0,71.0,114.0,97.0,44.0,10.0,,
4256426131,1544042240,6746,True,111.0,44.0,7.0,19.0,22.0,8.0,50.0,75.0,29.0,87.0,2.0,97.0,34.0,,
4256420303,1544041856,6725,False,86.0,93.0,11.0,96.0,97.0,100.0,111.0,95.0,2.0,68.0,120.0,114.0,1.0,41.0,
4256427106,1544042368,7043,True,45.0,107.0,44.0,66.0,110.0,112.0,16.0,6.0,50.0,10.0,97.0,,,,
4256431517,1544042624,7012,True,107.0,50.0,31.0,93.0,35.0,121.0,76.0,6.0,2.0,86.0,16.0,61.0,44.0,97.0,
4256442387,1544043392,7138,False,44.0,101.0,74.0,21.0,111.0,114.0,97.0,3.0,78.0,121.0,40.0,82.0,,,
4256438934,1544043136,6981,True,36.0,121.0,97.0,93.0,87.0,50.0,75.0,101.0,109.0,80.0,41.0,1.0,44.0,,
4256444021,1544043520,7017,True,16.0,71.0,3.0,23.0,44.0,86.0,110.0,26.0,38.0,48.0,91.0,97.0,,,
4256437158,1544043008,6903,False,35.0,19.0,85.0,97.0,10.0,76.0,57.0,105.0,27.0,41.0,44.0,50.0,61.0,,
4256452679,1544044032,7294,True,44.0,112.0,76.0,100.0,50.0,91.0,72.0,36.0,10.0,31.0,121.0,110.0,97.0,,
4256452885,1544044032,6879,False,121.0,59.0,114.0,8.0,19.0,26.0,51.0,86.0,70.0,80.0,44.0,97.0,,,
4256461335,1544044672,6936,,,,,,,,,,,,,,,,
4256454639,1544044160,6810,True,96.0,13.0,1.0,64.0,97.0,31.0,44.0,104.0,14.0,100.0,59.0,,,,
4256430401,1544042496,6783,False,90.0,6.0,41.0,78.0,50.0,114.0,21.0,44.0,14.0,9.0,121.0,93.0,94.0,,
4256470676,1544045312,7125,True,7.0,76.0,38.0,111.0,86.0,19.0,68.0,49.0,44.0,71.0,121.0,82.0,66.0,,
4256462443,1544044800,6896,False,86.0,84.0,74.0,8.0,29.0,35.0,71.0,26.0,31.0,44.0,82.0,97.0,50.0,,
4256467267,1544045056,6805,False,114.0,15.0,44.0,86.0,96.0,97.0,62.0,8.0,59.0,121.0,41.0,93.0,,,
4256463852,1544044928,6794,True,121.0,44.0,39.0,96.0,87.0,54.0,23.0,100.0,91.0,50.0,97.0,86.0,,,
4256472357,1544045440,7202,False,8.0,27.0,28.0,7.0,76.0,100.0,49.0,91.0,72.0,9.0,97.0,,,,
4256474144,1544045696,7029,True,1.0,31.0,86.0,107.0,97.0,27.0,79.0,102.0,110.0,10.0,82.0,44.0,,,
4256477978,1544045952,6902,True,48.0,97.0,60.0,84.0,26.0,16.0,3.0,86.0,90.0,44.0,82.0,114.0,,,
4256484286,1544046464,7323,True,45.0,31.0,68.0,1.0,76.0,6.0,10.0,90.0,23.0,50.0,41.0,,,,
4256481575,1544046208,6975,True,121.0,76.0,1.0,90.0,72.0,99.0,45.0,91.0,103.0,41.0,44.0,10.0,,,
4256488162,1544046720,7102,True,101.0,27.0,86.0,12.0,38.0,45.0,85.0,103.0,109.0,82.0,91.0,97.0,44.0,,
4256492324,1544047104,6986,False,1.0,44.0,97.0,29.0,111.0,19.0,4.0,40.0,121.0,85.0,77.0,82.0,,,
4256487466,1544046720,6837,False,2.0,106.0,48.0,110.0,86.0,1.0,50.0,97.0,62.0,11.0,61.0,114.0,44.0,,
4256494517,1544047232,6903,True,28.0,93.0,50.0,121.0,107.0,2.0,109.0,75.0,6.0,31.0,44.0,,,,
4256499840,1544047744,6750,False,86.0,38.0,121.0,1.0,22.0,97.0,59.0,87.0,41.0,50.0,44.0,61.0,96.0,,
4256501940,1544047872,7115,False,22.0,31.0,107.0,10.0,85.0,72.0,25.0,91.0,44.0,111.0,97.0,1.0,34.0,,
4256506329,1544048256,7144,False,13.0,67.0,78.0,62.0,3.0,71.0,8.0,46.0,55.0,31.0,97.0,45.0,,,
4256504130,1544048000,7130,True,74.0,121.0,1.0,111.0,33.0,101.0,50.0,106.0,10.0,97.0,82.0,93.0,,,
4256506747,1544048256,6947,True,111.0,97.0,103.0,6.0,41.0,76.0,78.0,48.0,121.0,100.0,44.0,,,,
4256512337,1544048768,7117,True,93.0,38.0,62.0,111.0,101.0,28.0,100.0,44.0,113.0,31.0,86.0,97.0,64.0,,
4256511671,1544048640,6917,False,44.0,86.0,6.0,111.0,114.0,85.0,76.0,1.0,50.0,97.0,45.0,,,,
4256516157,1544049024,7001,True,98.0,121.0,90.0,93.0,3.0,8.0,78.0,31.0,2.0,11.0,80.0,79.0,97.0,44.0,
4256519853,1544049408,7004,True,91.0,72.0,76.0,41.0,31.0,26.0,94.0,16.0,10.0,19.0,44.0,,,,
4256518373,1544049280,6983,False,9.0,8.0,103.0,62.0,100.0,86.0,31.0,106.0,82.0,2.0,76.0,97.0,,,
4256525191,1544049920,6872,False,62.0,121.0,53.0,80.0,11.0,49.0,111.0,44.0,97.0,16.0,93.0,,,,
4256523006,1544049920,6746,False,6.0,96.0,86.0,76.0,50.0,121.0,97.0,9.0,1.0,26.0,8.0,44.0,,,
4256530154,1544050176,7038,True,1.0,121.0,31.0,16.0,44.0,85.0,9.0,86.0,114.0,48.0,56.0,89.0,97.0,,
4256533270,1544050432,6805,True,26.0,1.0,2.0,97.0,111.0,50.0,48.0,90.0,86.0,78.0,93.0,53.0,,,
4256533543,1544050432,6777,True,95.0,86.0,121.0,62.0,96.0,114.0,26.0,76.0,110.0,16.0,44.0,97.0,50.0,,
4256517985,1544049920,6709,True,22.0,31.0,78.0,121.0,12.0,34.0,105.0,14.0,44.0,100.0,8.0,95.0,,,
4256535012,1544050560,6706,False,100.0,41.0,2.0,110.0,74.0,97.0,93.0,120.0,16.0,26.0,121.0,1.0,46.0,,
4256538640,1544050944,7049,True,97.0,107.0,1.0,76.0,31.0,109.0,111.0,114.0,73.0,84.0,80.0,48.0,44.0,,
4256538163,1544050816,7050,False,44.0,35.0,97.0,111.0,45.0,86.0,114.0,50.0,16.0,109.0,80.0,82.0,78.0,,
4256538232,1544050816,7042,False,100.0,2.0,31.0,22.0,93.0,16.0,109.0,45.0,97.0,3.0,46.0,76.0,,,
4256539424,1544050944,6925,False,44.0,28.0,49.0,79.0,86.0,76.0,119.0,26.0,8.0,97.0,10.0,,,,
4256542979,1544051328,6958,True,121.0,110.0,1.0,97.0,29.0,28.0,44.0,92.0,107.0,86.0,105.0,65.0,,,
4256546855,1544051712,6903,False,12.0,110.0,97.0,112.0,44.0,9.0,72.0,91.0,101.0,50.0,75.0,82.0,,,
4256548591,1544051840,6775,False,69.0,50.0,121.0,86.0,44.0,110.0,45.0,25.0,41.0,111.0,59.0,,,,
4256550216,1544052096,7046,False,25.0,50.0,34.0,10.0,38.0,31.0,78.0,82.0,81.0,100.0,44.0,97.0,,,
4256549240,1544052096,6988,False,25.0,101.0,16.0,85.0,93.0,38.0,84.0,1.0,50.0,47.0,44.0,114.0,97.0,78.0,
4256560591,1544052864,6819,True,97.0,114.0,103.0,76.0,50.0,14.0,29.0,7.0,15.0,1.0,93.0,110.0,86.0,,
4256555322,1544054144,5906,True,2.0,13.0,66.0,50.0,44.0,107.0,41.0,74.0,97.0,64.0,121.0,85.0,,,
4256541602,1544054144,5852,True,62.0,44.0,12.0,55.0,3.0,8.0,121.0,26.0,7.0,94.0,2.0,34.0,109.0,97.0,
4256539254,1544054144,5764,False,50.0,7.0,86.0,114.0,21.0,89.0,110.0,121.0,94.0,31.0,44.0,59.0,82.0,,
4256547044,1544054144,5733,True,2.0,41.0,85.0,82.0,101.0,8.0,28.0,26.0,121.0,113.0,93.0,44.0,,,
4256546100,1544054144,5666,True,67.0,9.0,74.0,50.0,62.0,100.0,41.0,97.0,61.0,95.0,44.0,114.0,93.0,,
4256558147,1544054144,5514,False,31.0,46.0,97.0,94.0,41.0,86.0,1.0,53.0,10.0,111.0,44.0,,,,
4256554664,1544054144,5301,False,19.0,1.0,16.0,11.0,110.0,75.0,25.0,78.0,74.0,8.0,44.0,,,,
4256562158,1544054144,5256,True,28.0,22.0,79.0,62.0,44.0,93.0,121.0,61.0,56.0,27.0,97.0,10.0,,,
4256534884,1544054144,4912,True,16.0,50.0,48.0,62.0,47.0,40.0,25.0,67.0,37.0,14.0,82.0,59.0,44.0,,
4256540385,1544054144,4721,True,86.0,64.0,48.0,114.0,110.0,25.0,60.0,8.0,63.0,53.0,17.0,50.0,44.0,,
4256565024,1544054144,7007,False,71.0,95.0,112.0,101.0,110.0,86.0,85.0,1.0,76.0,96.0,97.0,44.0,,,
4256571896,1544054656,7071,True,86.0,50.0,44.0,101.0,57.0,48.0,45.0,91.0,112.0,72.0,97.0,34.0,,,
4256571538,1544054656,7051,True,44.0,50.0,97.0,109.0,101.0,108.0,1.0,107.0,76.0,79.0,2.0,32.0,,,
4256564620,1544054144,6912,True,101.0,107.0,2.0,114.0,120.0,84.0,31.0,45.0,50.0,59.0,97.0,34.0,,,
4256571994,1544054656,6933,True,95.0,31.0,27.0,38.0,3.0,111.0,28.0,35.0,26.0,41.0,50.0,44.0,97.0,,
4256559116,1544054144,6754,False,27.0,9.0,6.0,103.0,114.0,97.0,74.0,86.0,31.0,41.0,44.0,76.0,82.0,,
4256572018,1544054656,6698,True,44.0,16.0,82.0,97.0,27.0,121.0,86.0,93.0,26.0,13.0,45.0,2.0,8.0,,
4256562716,1544054144,6536,True,111.0,29.0,87.0,35.0,10.0,50.0,6.0,62.0,59.0,60.0,44.0,93.0,80.0,97.0,
4256579619,1544055040,7059,False,107.0,44.0,3.0,86.0,50.0,121.0,23.0,97.0,26.0,41.0,111.0,80.0,46.0,,
4256578947,1544054912,6769,True,26.0,89.0,76.0,101.0,84.0,1.0,85.0,82.0,50.0,114.0,70.0,44.0,80.0,112.0,
4256576548,1544054784,6706,False,44.0,2.0,121.0,112.0,79.0,64.0,39.0,93.0,92.0,16.0,97.0,76.0,17.0,,
4256587416,1544055680,7200,False,72.0,25.0,97.0,93.0,50.0,76.0,69.0,85.0,107.0,44.0,31.0,80.0,,,
4256586460,1544055680,6951,True,84.0,80.0,68.0,45.0,93.0,38.0,19.0,76.0,44.0,7.0,97.0,,,,
4256592928,1544056576,6871,True,50.0,20.0,21.0,48.0,6.0,84.0,8.0,39.0,79.0,110.0,44.0,97.0,,,
4256593403,1544056576,6826,True,16.0,91.0,41.0,40.0,50.0,80.0,121.0,112.0,44.0,97.0,14.0,76.0,,,
4256605559,1544057344,7168,False,78.0,76.0,37.0,86.0,44.0,97.0,109.0,121.0,45.0,30.0,6.0,2.0,82.0,,
4256604525,1544057344,7044,,,,,,,,,,,,,,,,
4256602524,1544057344,6862,True,93.0,106.0,3.0,121.0,16.0,86.0,44.0,114.0,41.0,112.0,34.0,97.0,,,
4256609887,1544057472,7299,False,72.0,50.0,95.0,107.0,86.0,76.0,97.0,25.0,44.0,31.0,121.0,45.0,,,
4256614511,1544057856,7157,False,19.0,41.0,80.0,96.0,50.0,98.0,16.0,31.0,121.0,1.0,44.0,97.0,35.0,,
4256612196,1544057728,6863,False,31.0,101.0,74.0,78.0,41.0,103.0,13.0,111.0,44.0,97.0,76.0,1.0,,,
4256618634,1544058240,6836,False,86.0,93.0,110.0,85.0,97.0,50.0,2.0,107.0,1.0,76.0,44.0,,,,
4256619801,1544058368,6766,True,9.0,41.0,6.0,100.0,31.0,25.0,91.0,72.0,4.0,27.0,97.0,59.0,44.0,,
4256610600,1544057600,6718,False,100.0,30.0,67.0,38.0,76.0,50.0,107.0,84.0,109.0,106.0,46.0,44.0,,,
4256617528,1544058112,6724,False,90.0,84.0,38.0,103.0,109.0,98.0,97.0,16.0,93.0,100.0,94.0,44.0,1.0,,
4256624347,1544058752,6840,False,18.0,97.0,1.0,76.0,110.0,121.0,93.0,86.0,40.0,50.0,59.0,8.0,,,
4256628306,1544059136,6766,True,114.0,101.0,2.0,3.0,50.0,31.0,33.0,97.0,12.0,10.0,1.0,44.0,,,
4256628225,1544059136,6682,True,26.0,7.0,22.0,44.0,45.0,97.0,2.0,6.0,93.0,31.0,34.0,114.0,88.0,,
4256629062,1544059264,6968,True,95.0,97.0,65.0,68.0,1.0,44.0,121.0,2.0,56.0,79.0,120.0,82.0,50.0,93.0,
4256634691,1544059776,6690,False,103.0,93.0,111.0,50.0,59.0,13.0,75.0,6.0,41.0,31.0,97.0,44.0,46.0,,
4256636772,1544059904,6981,True,13.0,44.0,112.0,121.0,103.0,109.0,34.0,111.0,110.0,78.0,106.0,68.0,97.0,,
4256640814,1544060288,6764,True,50.0,78.0,109.0,114.0,101.0,26.0,76.0,71.0,8.0,86.0,44.0,75.0,97.0,,
4256637835,1544060032,6714,False,59.0,16.0,31.0,121.0,93.0,83.0,86.0,19.0,8.0,96.0,13.0,44.0,97.0,,
4256641771,1544060416,7066,False,67.0,111.0,86.0,2.0,49.0,33.0,109.0,74.0,7.0,50.0,34.0,44.0,,,
4256643417,1544060544,6887,True,44.0,46.0,33.0,50.0,100.0,114.0,97.0,93.0,26.0,86.0,41.0,,,,
4256644814,1544060672,6778,False,114.0,71.0,93.0,64.0,40.0,13.0,14.0,1.0,50.0,121.0,82.0,97.0,44.0,,
4256648617,1544061056,6934,True,97.0,109.0,41.0,19.0,3.0,50.0,29.0,93.0,44.0,121.0,1.0,45.0,76.0,,
4256650385,1544061184,6695,True,97.0,45.0,94.0,112.0,8.0,44.0,76.0,86.0,87.0,2.0,34.0,,,,
4256648114,1544060928,6673,True,121.0,97.0,11.0,44.0,103.0,62.0,45.0,41.0,86.0,22.0,46.0,1.0,61.0,,
4256661008,1544062080,6971,False,2.0,41.0,10.0,31.0,121.0,86.0,16.0,44.0,56.0,50.0,34.0,97.0,82.0,,
4256656013,1544061696,6829,False,97.0,25.0,50.0,16.0,44.0,90.0,93.0,45.0,94.0,79.0,82.0,34.0,,,
4256655669,1544061696,6823,False,114.0,80.0,121.0,31.0,98.0,3.0,86.0,44.0,29.0,97.0,50.0,6.0,,,
4256660086,1544062080,6764,True,19.0,1.0,100.0,25.0,45.0,72.0,101.0,110.0,109.0,21.0,97.0,44.0,,,
4256664894,1544062464,6725,False,84.0,6.0,119.0,26.0,46.0,86.0,56.0,90.0,1.0,25.0,34.0,44.0,97.0,,
4256657816,1544061824,6662,False,26.0,97.0,41.0,45.0,110.0,78.0,121.0,113.0,86.0,44.0,77.0,12.0,,,
4256669006,1544062848,6939,False,86.0,76.0,100.0,29.0,1.0,44.0,26.0,97.0,40.0,78.0,46.0,80.0,93.0,,
4256668930,1544062848,6873,True,21.0,109.0,112.0,16.0,10.0,26.0,22.0,80.0,93.0,121.0,44.0,97.0,76.0,,
4256672047,1544063104,6643,True,99.0,49.0,71.0,31.0,41.0,103.0,101.0,98.0,114.0,104.0,80.0,97.0,9.0,38.0,
4256667717,1544062720,6619,False,107.0,27.0,8.0,97.0,76.0,45.0,1.0,3.0,81.0,121.0,44.0,82.0,,,
4256681602,1544063872,7107,True,109.0,3.0,50.0,85.0,93.0,65.0,94.0,100.0,6.0,64.0,44.0,97.0,,,
4256676444,1544063488,6821,True,38.0,12.0,15.0,112.0,101.0,40.0,9.0,78.0,50.0,74.0,121.0,93.0,120.0,,
4256678851,1544063616,6749,True,86.0,80.0,12.0,110.0,38.0,120.0,97.0,45.0,112.0,93.0,44.0,111.0,69.0,,
4256682274,1544063872,6747,False,93.0,97.0,86.0,72.0,30.0,31.0,121.0,38.0,77.0,59.0,44.0,1.0,,,
4256678900,1544063616,6680,True,8.0,26.0,86.0,97.0,45.0,10.0,44.0,114.0,96.0,87.0,50.0,2.0,88.0,,
4256685991,1544064256,7026,False,28.0,101.0,50.0,25.0,44.0,64.0,93.0,111.0,6.0,16.0,97.0,,,,
4256687236,1544064384,6868,True,8.0,38.0,87.0,107.0,89.0,80.0,50.0,93.0,100.0,28.0,97.0,44.0,,,
4256689751,1544064512,6832,True,91.0,76.0,50.0,81.0,44.0,10.0,94.0,90.0,18.0,111.0,34.0,97.0,102.0,,
4256690452,1544064640,7267,True,62.0,86.0,100.0,27.0,38.0,50.0,31.0,106.0,16.0,1.0,76.0,97.0,,,
4256697527,1544065152,7252,False,50.0,49.0,67.0,78.0,91.0,2.0,86.0,107.0,31.0,48.0,94.0,1.0,97.0,,
4256696286,1544065024,7180,True,86.0,100.0,41.0,26.0,97.0,98.0,93.0,16.0,50.0,112.0,34.0,44.0,,,
4256700048,1544065408,6850,False,41.0,34.0,111.0,7.0,100.0,98.0,86.0,44.0,121.0,97.0,,,,,
4256692521,1544064768,6751,True,76.0,111.0,44.0,90.0,97.0,50.0,1.0,45.0,78.0,26.0,74.0,48.0,61.0,,
4256711320,1544066304,7322,False,7.0,45.0,86.0,41.0,50.0,62.0,100.0,76.0,97.0,111.0,44.0,,,,
4256707423,1544066048,7006,False,86.0,45.0,2.0,94.0,3.0,44.0,97.0,121.0,59.0,101.0,16.0,,,,
4256710432,1544066176,6866,True,7.0,86.0,79.0,96.0,44.0,114.0,76.0,110.0,97.0,85.0,101.0,45.0,50.0,,
4256697102,1544065152,6695,True,31.0,19.0,59.0,121.0,114.0,14.0,90.0,44.0,50.0,25.0,97.0,,,,
4256713438,1544066432,6925,False,50.0,86.0,67.0,55.0,71.0,97.0,1.0,101.0,3.0,2.0,76.0,82.0,9.0,44.0,
4256718476,1544066944,6755,False,97.0,50.0,86.0,93.0,76.0,104.0,27.0,121.0,44.0,94.0,34.0,12.0,,,
4256715022,1544066560,6738,False,74.0,44.0,97.0,87.0,121.0,64.0,41.0,13.0,76.0,86.0,2.0,50.0,,,
4256713619,1544066432,6722,True,82.0,10.0,120.0,2.0,26.0,86.0,114.0,93.0,84.0,78.0,44.0,97.0,113.0,,
4256724169,1544067328,6960,True,16.0,84.0,101.0,93.0,45.0,57.0,50.0,44.0,88.0,14.0,97.0,,,,
4256720867,1544067072,6868,False,99.0,111.0,10.0,82.0,90.0,76.0,121.0,31.0,20.0,54.0,44.0,97.0,93.0,,
4256728392,1544067712,6917,False,44.0,46.0,101.0,2.0,84.0,78.0,86.0,1.0,45.0,83.0,6.0,97.0,,,
4256732553,1544067968,6838,False,86.0,46.0,90.0,44.0,88.0,31.0,23.0,1.0,97.0,45.0,48.0,,,,
4256741994,1544068736,7134,False,45.0,96.0,121.0,112.0,41.0,94.0,86.0,50.0,97.0,44.0,93.0,34.0,,,
4256738776,1544068480,6955,True,71.0,77.0,3.0,78.0,102.0,93.0,27.0,107.0,45.0,61.0,44.0,69.0,,,
4256750911,1544069376,7047,True,93.0,96.0,90.0,100.0,44.0,65.0,50.0,76.0,78.0,109.0,62.0,97.0,,,
4256750118,1544069376,7042,True,7.0,38.0,110.0,41.0,98.0,96.0,63.0,33.0,89.0,50.0,97.0,100.0,16.0,,
4256744511,1544068992,6898,True,45.0,44.0,97.0,7.0,37.0,106.0,93.0,50.0,38.0,31.0,,,,,
4256750496,1544069376,6702,True,86.0,97.0,44.0,3.0,45.0,31.0,10.0,26.0,29.0,50.0,2.0,55.0,,,
4256755191,1544069760,6865,True,88.0,19.0,86.0,93.0,45.0,101.0,44.0,110.0,50.0,23.0,97.0,114.0,,,
4256751562,1544069504,6845,True,93.0,16.0,97.0,106.0,26.0,76.0,104.0,78.0,44.0,50.0,2.0,,,,
4256762835,1544070272,6790,False,85.0,90.0,101.0,16.0,10.0,76.0,41.0,72.0,3.0,91.0,86.0,82.0,97.0,,
4256760081,1544070144,6782,True,109.0,121.0,85.0,96.0,87.0,100.0,74.0,113.0,26.0,50.0,97.0,93.0,44.0,,
4256763676,1544070400,6758,True,76.0,26.0,2.0,84.0,8.0,85.0,45.0,109.0,96.0,86.0,97.0,44.0,,,
4256766689,1544070656,6977,True,109.0,50.0,26.0,114.0,100.0,74.0,1.0,97.0,91.0,121.0,82.0,2.0,44.0,,
4256771773,1544071040,6931,False,50.0,27.0,41.0,2.0,86.0,44.0,7.0,9.0,75.0,19.0,121.0,97.0,,,
4256773488,1544071168,6932,True,84.0,97.0,93.0,121.0,45.0,110.0,65.0,69.0,76.0,41.0,120.0,44.0,,,
4256776506,1544071296,7346,False,78.0,95.0,110.0,111.0,10.0,96.0,121.0,13.0,85.0,8.0,97.0,44.0,,,
4256782131,1544071680,7059,True,31.0,86.0,77.0,96.0,112.0,44.0,76.0,121.0,97.0,38.0,50.0,,,,
4256778478,1544071424,6814,False,35.0,101.0,111.0,44.0,16.0,8.0,7.0,38.0,46.0,50.0,45.0,97.0,58.0,,
4256789351,1544072192,7041,,,,,,,,,,,,,,,,
4256790534,1544072320,6819,False,11.0,2.0,93.0,50.0,103.0,107.0,31.0,97.0,114.0,44.0,54.0,,,,
4256798358,1544072832,6920,,,,,,,,,,,,,,,,
4256795522,1544072704,6910,,,,,,,,,,,,,,,,
4256795831,1544072704,6864,,,,,,,,,,,,,,,,
4256808034,1544073600,7400,,,,,,,,,,,,,,,,
4256806029,1544073472,7212,,,,,,,,,,,,,,,,
4256802825,1544073216,7132,,,,,,,,,,,,,,,,
4256805347,1544073344,6823,,,,,,,,,,,,,,,,
